{"cameraMode":{"drawMode":0,"name":"Shaded","section":"Shading Mode"},"sceneLighting":true,"audioPlay":false,"sceneViewState":{"m_AlwaysRefresh":false,"showFog":true,"showSkybox":true,"showFlares":true,"showImageEffects":true,"showParticleSystems":true,"showVisualEffectGraphs":true,"m_FxEnabled":true},"in2DMode":false,"pivot":{"x":10.075448036193848,"y":5.008081912994385,"z":50.12679672241211},"rotation":{"x":0.058790359646081927,"y":-0.8264006972312927,"z":0.08784261345863342,"w":0.553077220916748},"size":1.7832858562469483,"orthographic":false}